"indiv_id","weight_kg","duration","n.notes","low.freq","high.freq","note.rate","bandwidth.mean","bandwidth.sd","firstnotehighfreq","lasttnotehighfreq","titi.id","birthdate","sex","name"
"abe",1.34,3.684297187,14,3359.2,9130.1,3.79991061779675,4540.42142857143,1249.30006014357,8268.8,7665.8,34438,"9/23/02","M","abe"
"abe",1.34,3.087117148,11,1205.9,8441,3.56319487490988,4118.71818181818,1333.69605144364,7149,6976.8,34438,"9/23/02","M","abe"
"abe",1.34,3.442574515,13,2325.6,8699.4,3.77624360587007,4518.65384615385,452.532764219684,6632.2,8182.6,34438,"9/23/02","M","abe"
"abe",1.34,2.376163698,9,3273,7752,3.78761783440057,3033.77777777778,852.416998566104,7149,6460,34438,"9/23/02","M","abe"
"abe",1.34,4.007986961,14,1378.1,8699.4,3.4930253357179,3986.71428571429,1118.1604060359,5943.2,7235.2,34438,"9/23/02","M","abe"
"adama",1.425,1.761175029,6,2842.4,8182.6,3.40681641586005,3560.15,1199.2716485434,7149,7149,39541,"2/7/09","M","adama"
"adama",1.425,1.113386513,4,3273,7493.6,3.59264276448084,3854.45,237.194723100381,7321.3,7493.6,39541,"2/7/09","M","adama"
"adama",1.425,3.807587613,12,1464.3,8354.9,3.15160180662138,3976.45833333333,1207.98842969951,8354.9,5770.9,39541,"2/7/09","M","adama"
"aiden",1.32,1.889479568,9,3445.3,8785.5,4.76321636519543,3397.46666666667,975.539742911584,6804.5,8785.5,35383,"2/27/04","M","aiden"
"aiden",1.32,2.247335546,10,3186.9,9474.6,4.44971380344108,4272.18,698.792839752161,6804.5,6373.8,35383,"2/27/04","M","aiden"
"aiden",1.32,1.943365549,9,3359.2,8268.8,4.63114106588498,3378.31111111111,848.069353656357,6718.4,6201.6,35383,"2/27/04","M","aiden"
"alberto",1.196,3.330037842,11,3100.8,7665.8,3.30326576511019,2771.9,736.734101287568,6460,4651.2,29775,"6/5/96","M","alberto"
"alberto",1.196,1.675140616,6,3273,6632.2,3.58178886159847,2899.78333333333,241.58710575415,6460,6460,29775,"6/5/96","M","alberto"
"alberto",1.196,2.920109171,10,3445.3,7838.1,3.42452950023628,3161.07,588.459663585081,6373.8,6201.6,29775,"6/5/96","M","alberto"
"alberto",1.196,4.838212831,15,2756.2,6373.8,3.10031834562757,2848.10666666667,497.415394768177,6201.6,6201.6,29775,"6/5/96","M","alberto"
"alberto",1.196,4.466042614,14,2584,7752,3.13476632670572,3199.20714285714,543.56776870582,5943.2,5943.2,29775,"6/5/96","M","alberto"
"alberto",1.196,3.950730004,13,2756.2,7924.2,3.2905311137025,3392.28461538462,531.59107850263,6287.7,6115.4,29775,"6/5/96","M","alberto"
"arya",0.98,2.101393972,5,3273,6460,2.37937296224432,2652.88,351.950986644447,6460,5770.9,44311,"4/18/14","F","arya"
"arya",0.98,1.613191332,4,3445.3,6976.8,2.4795570870325,3273,210.982716511724,6632.2,6976.8,44311,"4/18/14","F","arya"
"arya",0.98,2.865537234,9,3186.9,6201.6,3.14077231076035,2411.7,489.132300609968,6029.3,5168,44311,"4/18/14","F","arya"
"berkie",1.315,1.685262312,7,4220.5,8699.4,4.15365605114179,1685.75714285714,1348.05271639891,8699.4,6373.8,31716,"4/27/99","M","berkie"
"berkie",1.315,2.034460809,8,3359.2,7407.4,3.93224581403082,1690.3625,886.715594503511,7407.4,5081.8,31716,"4/27/99","M","berkie"
"berkie",1.315,1.720688247,7,3359.2,6976.8,4.06813960181597,2276.38571428571,855.350572238408,6890.6,5426.4,31716,"4/27/99","M","berkie"
"berkie",1.315,1.452895273,6,3359.2,7493.6,4.12968512700227,3129.48333333333,661.950056776693,6546.1,5512.5,31716,"4/27/99","M","berkie"
"berkie",1.315,1.983852331,8,3531.4,6804.5,4.03255820757961,1528.8625,723.221248379182,6460,5168,31716,"4/27/99","M","berkie"
"berkie",1.315,1.411976532,6,3617.6,7407.4,4.24936241079112,1894.91666666667,934.034484195668,7407.4,6287.7,31716,"4/27/99","M","berkie"
"berkie",1.315,1.685262312,7,3617.6,8441,4.15365605114179,1931.84285714286,873.947240698093,6546.1,5598.6,31716,"4/27/99","M","berkie"
"berkie",1.315,1.199420925,5,3617.6,7149,4.16867831449581,2118.88,813.909805813887,7149,5598.6,31716,"4/27/99","M","berkie"
"berkie",1.315,1.366428902,6,3186.9,6890.6,4.39100782427683,1851.88333333333,1086.41903226456,6890.6,6460,31716,"4/27/99","M","berkie"
"berkie",1.315,1.675140616,7,4306.6,8096.5,4.17875367186488,2116.42857142857,784.452020445452,8096.5,6460,31716,"4/27/99","M","berkie"
"berkie",1.315,1.417037379,6,4134.4,8182.6,4.23418611881233,1837.48333333333,1323.92743670741,8182.6,6804.5,31716,"4/27/99","M","berkie"
"berkie",1.315,1.675140616,7,2842.4,8441,4.17875367186488,2805.45714285714,1201.58776050294,6804.5,6373.8,31716,"4/27/99","M","berkie"
"berkie",1.315,1.705505703,7,1119.7,7321.3,4.10435449596383,3716,1249.57515046782,7321.3,6287.7,31716,"4/27/99","M","berkie"
"buboo",1.26,2.606336609,9,3359.2,7407.4,3.45312265841714,3234.74444444444,548.337852311673,7149,6804.5,34431,"9/10/02","M","buboo"
"buboo",1.26,2.302685742,8,3703.7,7493.6,3.47420399322558,2896.2125,328.568977048308,7149,6976.8,34431,"9/10/02","M","buboo"
"buboo",1.26,2.53548474,9,3617.6,7752,3.5496171039862,3454.85555555556,418.522861117261,6976.8,6804.5,34431,"9/10/02","M","buboo"
"buboo",1.26,2.712614413,10,5426.4,7838.1,3.68648044929488,1197.24,637.419759133127,7235.2,7321.3,34431,"9/10/02","M","buboo"
"buboo",1.26,3.152908169,11,4651.2,7752,3.48884249409929,1996.72727272727,497.522793630421,7149,7235.2,34431,"9/10/02","M","buboo"
"buboo",1.26,3.259185972,11,3962.1,7579.7,3.37507589149626,2145.5,569.329999209597,7235.2,6718.4,34431,"9/10/02","M","buboo"
"buboo",1.26,2.899865781,10,4651.2,7752,3.44843546398605,1782.97,619.853638728083,6976.8,6976.8,34431,"9/10/02","M","buboo"
"buboo",1.26,2.965656801,10,4478.9,7665.8,3.37193433732051,2256.68,341.640635756346,7062.9,7062.9,34431,"9/10/02","M","buboo"
"buboo",1.26,2.034460809,8,3445.3,8268.8,3.93224581403082,2540.9125,746.633716734173,7149,6718.4,34431,"9/10/02","M","buboo"
"buboo",1.26,1.928183006,7,3359.2,7149,3.63036079989183,3531.42857142857,205.029011884381,6976.8,6976.8,34431,"9/10/02","M","buboo"
"buboo",1.26,2.904926628,10,4651.2,7752,3.44242773762753,2239.46,246.968109502241,7321.3,7149,34431,"9/10/02","M","buboo"
"buboo",1.26,2.94541341,10,3789.8,7665.8,3.39510914360915,2773.47,501.886421524941,6890.6,6718.4,34431,"9/10/02","M","buboo"
"buboo",1.26,3.193394951,11,3962.1,7838.1,3.44460994295597,2529.17272727273,338.604442058604,6976.8,6976.8,34431,"9/10/02","M","buboo"
"buboo",1.26,2.818892215,10,3445.3,7493.6,3.54749285793462,2695.95,466.568923692476,6546.1,6632.2,34431,"9/10/02","M","buboo"
"buboo",1.26,3.092177996,11,4823.4,7579.7,3.55736313182147,2286.46363636364,212.248450042526,6890.6,7062.9,34431,"9/10/02","M","buboo"
"buffy",1.16,2.803709672,12,3445.3,6287.7,4.28004372914971,2253.81666666667,315.583473565836,6115.4,6287.7,37808,"1/30/07","F","buffy"
"buffy",1.16,3.188334104,13,3531.4,7924.2,4.07736440910962,3193.53076923077,487.818125918214,6373.8,7407.4,37808,"1/30/07","F","buffy"
"buffy",1.16,3.431254797,14,3359.2,6546.1,4.08014001532047,2030.27857142857,364.973438819808,5081.8,5684.8,37808,"1/30/07","F","buffy"
"buffy",1.16,2.894804933,12,3273,7665.8,4.14535703708503,3308.925,527.705105536313,5254.1,6890.6,37808,"1/30/07","F","buffy"
"buffy",1.16,3.593201926,15,3186.9,7665.8,4.17454969381534,3393.62666666667,544.547186026632,6546.1,7407.4,37808,"1/30/07","F","buffy"
"buffy",1.16,2.710083989,11,2670.1,7665.8,4.05891479550009,3069.46363636364,858.090867301042,5340.2,6890.6,37808,"1/30/07","F","buffy"
"buffy",1.16,3.294869418,14,3100.8,7062.9,4.24903030254172,2750.07857142857,593.346733730431,6373.8,6804.5,37808,"1/30/07","F","buffy"
"buffy",1.16,3.117482235,14,3014.6,6804.5,4.49080345761778,2897.74285714286,420.070451443355,6804.5,6373.8,37808,"1/30/07","F","buffy"
"buffy",1.16,3.122543083,13,3273,7579.7,4.16327322136103,2398.47692307692,864.793371422567,5426.4,5168,37808,"1/30/07","F","buffy"
"buffy",1.16,2.651884239,11,3273,6460,4.14799403315885,2497.85454545455,389.008553539987,5770.9,5598.6,37808,"1/30/07","F","buffy"
"chewie",1.2,2.002214531,8,3186.9,8613.3,3.99557583672336,4198.975,989.311669437753,7321.3,6546.1,39552,"2/16/09","M","chewie"
"chewie",1.2,3.000385999,12,3359.2,8527.1,3.99948540087825,3926.21666666667,398.045230032361,7579.7,7579.7,39552,"2/16/09","M","chewie"
"chewie",1.2,1.732121075,7,2756.2,8096.5,4.0412879336394,4134.37142857143,507.146884423983,6976.8,6976.8,39552,"2/16/09","M","chewie"
"chewie",1.2,2.383868327,9,3445.3,8699.4,3.77537630667971,4507.61111111111,607.53541346255,6890.6,8613.3,39552,"2/16/09","M","chewie"
"chewie",1.2,3.047358773,12,3445.3,8613.3,3.93783630149544,3990.825,384.03523542177,8182.6,7149,39552,"2/16/09","M","chewie"
"chewie",1.2,3.499471732,13,3186.9,9474.6,3.71484640985235,4028.35384615385,749.378055028952,7924.2,9474.6,39552,"2/16/09","M","chewie"
"clint",1.245,1.961113353,7,2842.4,7579.7,3.56940101870797,4405.07142857143,188.870464554288,7235.2,6976.8,29173,"11/6/95","M","clint"
"clint",1.245,3.135432727,8,3359.2,5426.4,2.55148194732739,1162.8,406.597909487985,4995.7,4737.3,29173,"11/6/95","M","clint"
"cristin",1.077,3.217635082,11,3186.9,8182.6,3.41865989140157,3570.58181818182,593.451680961781,8182.6,6804.5,31274,"11/4/98","F","cristin"
"cristin",1.077,3.070845161,10,3531.4,9819.1,3.25643250496667,3031.87,1400.53542305156,7321.3,7062.9,31274,"11/4/98","F","cristin"
"cristin",1.077,2.665704977,9,3531.4,9733,3.37621757758379,3521.86666666667,1658.1611569748,8785.5,7321.3,31274,"11/4/98","F","cristin"
"cristin",1.077,2.019829321,7,3445.3,8182.6,3.46563936230729,2497.84285714286,1817.62898199563,8010.4,5081.8,31274,"11/4/98","F","cristin"
"cristin",1.077,2.501300265,9,3531.4,7235.2,3.59812859173067,1282.41111111111,992.811109230306,7235.2,5512.5,31274,"11/4/98","F","cristin"
"cristin",1.077,3.029743983,10,3617.6,8096.5,3.30060891484903,1894.91,1279.49803130412,8096.5,6632.2,31274,"11/4/98","F","cristin"
"cristin",1.077,2.049187306,8,3186.9,9991.4,3.90398670564476,4371.25,1166.31145313518,7062.9,5770.9,31274,"11/4/98","F","cristin"
"cristin",1.077,2.583502621,9,3273,9560.7,3.48364268216471,3990.82222222222,955.253982951364,7062.9,9560.7,31274,"11/4/98","F","cristin"
"cristin",1.077,3.041487176,10,3531.4,7924.2,3.28786525187703,2980.19,657.458379671292,7924.2,6460,31274,"11/4/98","F","cristin"
"cristin",1.077,2.624603799,9,3531.4,6976.8,3.42908899370987,2593.55555555556,676.063185122351,6976.8,6718.4,31274,"11/4/98","F","cristin"
"cristin",1.077,3.72005398,12,3359.2,10249.8,3.22575964341249,2706.00833333333,1921.58399786045,10249.8,6976.8,31274,"11/4/98","F","cristin"
"daphne",0.973,2.267962328,10,2670.1,7752,4.40924431439674,3522.83,730.232871608624,5684.8,6287.7,44719,"6/28/14","F","daphne"
"daphne",0.973,1.843681416,8,3014.6,7407.4,4.3391444587843,3413.0125,685.87093837481,6460,6373.8,44719,"6/28/14","F","daphne"
"daphne",0.973,1.66753351,9,2842.4,7838.1,5.397192887596,3512.28888888889,933.425332370571,5081.8,6546.1,44719,"6/28/14","F","daphne"
"daphne",0.973,1.563252083,8,3014.6,6373.8,5.11753676006456,2723.95,305.146255331533,5770.9,6373.8,44719,"6/28/14","F","daphne"
"daphne",0.973,2.424653474,10,3100.8,7149,4.12430069172021,3428.08,280.717251181881,6976.8,6460,44719,"6/28/14","F","daphne"
"elaine",1.465,3.511214926,11,3703.7,8957.8,3.13281876268716,3484.45454545455,1409.73541160293,8527.1,5943.2,34886,"4/4/03","F","elaine"
"elaine",1.465,3.46424215,11,3359.2,9733,3.17529766214524,3899.46363636364,1106.45624972046,7062.9,6029.3,34886,"4/4/03","F","elaine"
"elaine",1.465,4.309752099,14,2756.2,10938.9,3.24844670375552,3586.81428571429,1746.86255011978,6718.4,6287.7,34886,"4/4/03","F","elaine"
"galadriel",1.302,3.072366011,10,3186.9,8096.5,3.25482054032527,3626.19,1169.37250927343,4995.7,6976.8,39618,"3/7/09","F","galadriel"
"galadriel",1.302,2.607359263,9,3186.9,7838.1,3.45176828054171,3483.57777777778,587.499827186736,5512.5,6890.6,39618,"3/7/09","F","galadriel"
"galadriel",1.302,2.741374017,10,3100.8,7407.4,3.6478057857072,3531.44,431.604165874242,5770.9,6890.6,39618,"3/7/09","F","galadriel"
"galadriel",1.302,3.194148695,11,3100.8,8613.3,3.44379709598961,3625.39090909091,575.821747513144,6115.4,6890.6,39618,"3/7/09","F","galadriel"
"galia",1.325,1.796708641,8,1550.4,8010.4,4.45258614415491,4941.85,955.749938903627,7924.2,7321.3,44793,"9/12/14","F","galia"
"galia",1.325,1.769538313,7,2497.9,8010.4,3.95583410010066,4688.08571428571,787.646031811607,7838.1,6029.3,44793,"9/12/14","F","galia"
"gandalf",1.26,4.274522519,13,2756.2,7149,3.04127535700555,2829.13076923077,498.324083611953,6029.3,6546.1,38443,"5/25/07","M","gandalf"
"gandalf",1.26,2.113774872,7,3014.6,6718.4,3.31161094434658,2916.2,188.898694189946,5943.2,6115.4,38443,"5/25/07","M","gandalf"
"gandalf",1.26,2.143132856,7,3014.6,6287.7,3.2662464113704,2731.62857142857,209.293061792038,5857,5943.2,38443,"5/25/07","M","gandalf"
"gavin",1.45,2.037444112,7,3445.3,9905.3,3.4356770616538,4540.41428571429,1448.77231754863,7493.6,6804.5,39502,"9/2/08","M","gavin"
"gavin",1.45,1.661661913,6,3186.9,8441,3.6108428273279,4450.18333333333,632.152321570258,7752,7149,39502,"9/2/08","M","gavin"
"gavin",1.45,2.348638746,8,3445.3,9819.1,3.40622840086621,5501.725,875.302087853102,8957.8,7321.3,39502,"9/2/08","M","gavin"
"gavin",1.45,2.019829322,7,3359.2,10077.5,3.46563936059148,5475.58571428571,873.965074490149,8527.1,8010.4,39502,"9/2/08","M","gavin"
"gavin",1.45,1.679276704,6,3273,8527.1,3.57296685275758,4364.05,767.837880675342,8527.1,6632.2,39502,"9/2/08","M","gavin"
"gavin",1.45,1.743864269,6,3359.2,9819.1,3.44063474816227,4938.28333333333,862.465478536194,9388.5,7062.9,39502,"9/2/08","M","gavin"
"gavin",1.45,2.043315709,7,3186.9,9043.9,3.42580442619208,4232.81428571429,817.781811627387,9043.9,6546.1,39502,"9/2/08","M","gavin"
"gavin",1.45,0.951198692,4,3186.9,8527.1,4.2052202485577,3811.375,784.323778274423,8527.1,6976.8,39502,"9/2/08","M","gavin"
"gavin",1.45,1.297622908,5,3359.2,7407.4,3.85319954601171,3273.04,917.620827466334,6890.6,5857,39502,"9/2/08","M","gavin"
"gavin",1.45,1.755607463,6,3014.6,9474.6,3.41762046838599,4306.65,1241.05006305145,8527.1,7149,39502,"9/2/08","M","gavin"
"gavin",1.45,1.332852488,5,3359.2,7665.8,3.75135286538926,3634.8,341.283423271626,7665.8,6632.2,39502,"9/2/08","M","gavin"
"gavin",1.45,1.303494504,5,3445.3,8699.4,3.83584279385654,4203.28,736.961336842035,8699.4,6890.6,39502,"9/2/08","M","gavin"
"gavin",1.45,1.009914661,4,3273,7665.8,3.96073069781883,3337.65,1246.96818590799,7665.8,5081.8,39502,"9/2/08","M","gavin"
"gavin",1.45,1.649918719,6,3186.9,9474.6,3.63654277686876,4378.4,1006.55183075687,8010.4,6976.8,39502,"9/2/08","M","gavin"
"georgette",1.13,2.781736793,10,3100.8,8182.6,3.59487641863318,3574.49,633.264337382108,6890.6,6718.4,34631,"2/14/03","F","georgette"
"georgette",1.13,2.213592018,9,3186.9,7407.4,4.0657898686008,3301.74444444444,695.747303464252,7407.4,7321.3,34631,"2/14/03","F","georgette"
"georgette",1.13,2.595245815,9,3359.2,10249.8,3.46787959274679,3426.17777777778,1237.57678426207,7062.9,10249.8,34631,"2/14/03","F","georgette"
"georgette",1.13,3.111946339,10,3445.3,7493.6,3.21342301911717,3221.34,381.32902445118,6804.5,7149,34631,"2/14/03","F","georgette"
"georgette",1.13,2.765522124,11,3531.4,8699.4,3.97754908721895,3320.02727272727,1040.98347738176,7924.2,6890.6,34631,"2/14/03","F","georgette"
"georgette",1.13,2.953413224,10,3273,6976.8,3.38591292228872,3195.51,261.403410884828,6287.7,6546.1,34631,"2/14/03","F","georgette"
"georgette",1.13,3.018000789,10,3186.9,6976.8,3.3134517513872,3143.83,402.464361569237,6890.6,6460,34631,"2/14/03","F","georgette"
"georgette",1.13,2.606989008,9,3359.2,7924.2,3.45225851447088,3320.9,695.895274089428,6804.5,7062.9,34631,"2/14/03","F","georgette"
"georgette",1.13,3.252864663,11,3100.8,7321.3,3.38163469421906,2999,666.982705922725,6546.1,5770.9,34631,"2/14/03","F","georgette"
"georgette",1.13,2.812494899,10,3273,7149,3.55556200423886,3126.62,363.278050228441,6890.6,7149,34631,"2/14/03","F","georgette"
"georgette",1.13,2.477813878,10,3359.2,7838.1,4.03581563925682,3186.92,882.110155378693,7579.7,7838.1,34631,"2/14/03","F","georgette"
"georgette",1.13,2.477813878,9,3445.3,6804.5,3.63223407533114,2804.1,397.316986170992,6029.3,6029.3,34631,"2/14/03","F","georgette"
"georgette",1.13,2.28405118,8,3273,7321.3,3.50254848492493,2960.8,478.309072223629,6287.7,6115.4,34631,"2/14/03","F","georgette"
"georgette",1.13,2.325152359,8,3359.2,7752,3.44063474766902,3143.8375,631.256194170458,6632.2,5943.2,34631,"2/14/03","F","georgette"
"georgette",1.13,2.307537568,8,3445.3,7493.6,3.46689913565906,3154.6125,353.44617467566,7149,6115.4,34631,"2/14/03","F","georgette"
"gilda",1.31,5.759567128,15,3014.6,10077.5,2.6043623881173,3565.9,1571.7127441107,10077.5,8957.8,36993,"1/10/06","F","gilda"
"gogo",1.08,0.916702777,4,3359.2,6373.8,4.36346447328369,2842.35,157.251147319609,6373.8,6373.8,43735,"5/19/13","F","gogo"
"gogo",1.08,1.196938342,5,3445.3,8527.1,4.17732461610792,4168.82,722.163888601472,7321.3,8527.1,43735,"5/19/13","F","gogo"
"gogo",1.08,1.880903109,8,3789.8,8699.4,4.25327597244139,4069.7625,559.631636340242,8096.5,8699.4,43735,"5/19/13","F","gogo"
"gogo",1.08,1.082944214,4,3186.9,8096.5,3.69363439805035,3466.85,1053.45876204687,8096.5,6201.6,43735,"5/19/13","F","gogo"
"greta",1.33,2.991675982,10,1378.1,7062.9,3.34260797632061,3695.08,735.858323924442,5857,5340.2,40487,"1/2/10","F","greta"
"greta",1.33,3.034618699,9,3100.8,8354.9,2.96577622848161,3990.81111111111,546.431753388391,7838.1,7321.3,40487,"1/2/10","F","greta"
"greta",1.33,1.766827401,6,2756.2,7493.6,3.3959174487582,3517.08333333333,885.802976776815,5857,6460,40487,"1/2/10","F","greta"
"greta",1.33,1.315820424,5,861.3,6201.6,3.79991061759047,3152.46,616.927129408328,6201.6,3531.4,40487,"1/2/10","F","greta"
"greta",1.33,2.304592503,8,3186.9,7235.2,3.47132952553912,3563.7375,287.297103249779,7235.2,6546.1,40487,"1/2/10","F","greta"
"gus",1.44,4.115343754,14,3100.8,8871.7,3.4019029361502,5026.46428571429,504.05283545881,8441,6890.6,37728,"7/12/06","M","gus"
"gus",1.44,3.471202993,12,3186.9,8613.3,3.45701476525548,4809.075,534.557628707224,8182.6,8010.4,37728,"7/12/06","M","gus"
"gus",1.44,5.324011869,18,2497.9,8613.3,3.38090906686519,4885.65,538.962047392404,7062.9,7235.2,37728,"7/12/06","M","gus"
"gus",1.44,4.90902235,17,3100.8,8957.8,3.46301132648133,5061.57058823529,490.605410137192,7924.2,6718.4,37728,"7/12/06","M","gus"
"gus",1.44,4.401628538,15,3100.8,8957.8,3.40782959545597,4938.28,544.435824894515,8441,8441,37728,"7/12/06","M","gus"
"gus",1.44,4.666441961,16,3100.8,8699.4,3.42873652639864,5097.975,321.072323109088,8441,8182.6,37728,"7/12/06","M","gus"
"gus",1.44,3.178212409,12,3100.8,8441,3.77570736493843,4837.78333333333,657.844016926551,8441,6201.6,37728,"7/12/06","M","gus"
"gus",1.44,4.516142451,16,3100.8,8441,3.5428466160223,4527.35,614.688347050764,7493.6,6546.1,37728,"7/12/06","M","gus"
"gus",1.44,3.800430494,13,3014.6,8785.5,3.42066511162985,4889.7,552.819954114056,7062.9,6976.8,37728,"7/12/06","M","gus"
"gus",1.44,1.938304702,8,3273,9991.4,4.12731805878888,3897.4875,1265.69467028698,6029.3,9991.4,37728,"7/12/06","M","gus"
"gus",1.44,4.916941147,17,3014.6,8957.8,3.45743410216986,5102.10588235294,620.773647828446,8354.9,8441,37728,"7/12/06","M","gus"
"gus",1.44,4.222700548,15,3014.6,8871.7,3.5522291551326,5213.9,279.795596309673,8354.9,8182.6,37728,"7/12/06","M","gus"
"hobbes",1.28,2.135677764,9,3445.3,7062.9,4.21411888614859,2813.67777777778,399.356879175061,7062.9,6718.4,45580,"12/16/15","M","hobbes"
"hobbes",1.28,3.235018047,12,3273,8354.9,3.70940743626708,3208.43333333333,655.070064723591,8354.9,6718.4,45580,"12/16/15","M","hobbes"
"hobbes",1.28,3.046630366,12,3186.9,6718.4,3.93877778345494,3093.59166666667,162.023362279155,6632.2,6460,45580,"12/16/15","M","hobbes"
"jack",1.33,3.213638343,13,3703.7,8182.6,4.04525917744192,1841.93076923077,523.370729637248,5168,6115.4,40485,"11/17/09","M","jack"
"jack",1.33,1.963608941,8,4651.2,8613.3,4.07413097025616,2002.6125,812.88569120405,8613.3,6546.1,40485,"11/17/09","M","jack"
"jack",1.33,3.016265279,12,4737.3,7235.2,3.97842990918174,1579.11666666667,181.168007577765,6460,6460,40485,"11/17/09","M","jack"
"jack",1.33,2.793587977,11,4565,8182.6,3.93758853866946,2075.04545454545,624.030004669065,7235.2,8182.6,40485,"11/17/09","M","jack"
"jill",1.1,1.177939321,5,3445.3,8527.1,4.24470081850676,4547.8,528.861201072644,7149,8527.1,41450,"12/22/10","F","jill"
"jill",1.1,1.486673417,6,3445.3,8354.9,4.03585611432238,4320.98333333333,689.960115997053,8268.8,8182.6,41450,"12/22/10","F","jill"
"jill",1.1,1.429676353,6,3100.8,8354.9,4.19675403276395,4895.2,220.71757519509,8354.9,7752,41450,"12/22/10","F","jill"
"jill",1.1,2.037645035,10,3531.4,8699.4,4.90762612144563,4806.21,297.836772783722,7579.7,8441,41450,"12/22/10","F","jill"
"jill",1.1,1.529421215,7,3359.2,8785.5,4.5768947961141,4786.51428571429,421.548393538913,8785.5,8268.8,41450,"12/22/10","F","jill"
"jill",1.1,1.353680267,6,3617.6,8527.1,4.43236127929757,3904.7,622.692730004133,6976.8,8441,41450,"12/22/10","F","jill"
"jill",1.1,1.75740947,8,3359.2,8527.1,4.55215482593251,4812.675,197.68591069096,8527.1,7924.2,41450,"12/22/10","F","jill"
"jill",1.1,1.510422193,7,3789.8,8871.7,4.63446580197329,4798.81428571429,209.284243940878,8527.1,8871.7,41450,"12/22/10","F","jill"
"junebug",1.112,2.226773025,8,3186.9,7407.4,3.59264276609422,2691.65,906.58783043107,5770.9,5340.2,42203,"7/17/11","F","junebug"
"junebug",1.112,2.576563046,9,3186.9,7407.4,3.49302533620208,3014.63333333333,1173.90194011255,6890.6,4909.6,42203,"7/17/11","F","junebug"
"junebug",1.112,2.803709673,10,3359.2,7321.3,3.56670310635262,3488.36,309.899002185479,6546.1,6804.5,42203,"7/17/11","F","junebug"
"junebug",1.112,4.413059267,15,3100.8,7752,3.39900261756444,3525.69333333333,691.726988327731,7407.4,7149,42203,"7/17/11","F","junebug"
"lani",0.88,3.084718536,13,3617.6,10077.5,4.21432291091857,4379.50769230769,508.169604990202,8699.4,7665.8,45337,"5/11/15","F","lani"
"lani",0.88,4.201229189,16,3531.4,9388.5,3.80840922506501,4435.83125,616.325088156946,9388.5,8268.8,45337,"5/11/15","F","lani"
"lani",0.88,2.596214913,11,3273,8441,4.23693737560778,4549.38181818182,300.411227547114,8354.9,7579.7,45337,"5/11/15","F","lani"
"lani",0.88,3.056752061,14,3359.2,9646.9,4.58002471925053,3962.10714285714,376.216896247335,9646.9,7493.6,45337,"5/11/15","F","lani"
"lani",0.88,3.091875655,13,3359.2,8096.5,4.20456753458929,4107.86923076923,360.977343205488,7321.3,7579.7,45337,"5/11/15","F","lani"
"leo",1.47,4.468728593,16,3445.3,10163.7,3.58043673206358,5706.29375,891.52867328632,6804.5,8527.1,36990,"1/3/06","M","leo"
"leo",1.47,4.124590944,15,3186.9,9905.3,3.63672427245673,5248.35333333333,967.094684289471,6546.1,6632.2,36990,"1/3/06","M","leo"
"leo",1.47,4.099286705,14,3445.3,10249.8,3.415228308604,5733.97142857143,706.023458347004,8010.4,9043.9,36990,"1/3/06","M","leo"
"leo",1.47,3.962643815,14,3531.4,9991.4,3.53299480185554,5186.43571428571,1187.83261292098,8010.4,6460,36990,"1/3/06","M","leo"
"leo",1.47,3.998069749,14,3186.9,9991.4,3.50168978505232,5026.45714285714,898.698898591553,6890.6,6460,36990,"1/3/06","M","leo"
"leo",1.47,4.909784027,16,3273,9819.1,3.25879914717479,5264.86875,933.986709197906,7235.2,8871.7,36990,"1/3/06","M","leo"
"leo",1.47,4.023373988,16,3273,9733,3.9767618043267,5431.7375,516.296653582027,8182.6,8527.1,36990,"1/3/06","M","leo"
"leo",1.47,4.261233834,14,3273,10077.5,3.28543340858116,4817.27857142857,1372.92584156194,6976.8,9302.3,36990,"1/3/06","M","leo"
"lovebug",0.995,1.978791483,8,2497.9,7752,4.04287165612386,4123.6,342.815360549336,7235.2,7579.7,45595,"2/22/16","F","lovebug"
"lucy",1.125,1.492950096,6,3445.3,8182.6,4.01888851882963,4206.15,305.327344009671,7579.7,8010.4,45620,"3/7/16","F","lucy"
"lucy",1.125,2.333050828,9,1205.9,9905.3,3.85760991230321,5914.44444444444,997.069738171698,7321.3,7062.9,45620,"3/7/16","F","lucy"
"luna",1.145,1.558741117,5,3014.6,7665.8,3.20771675647021,3720.92,196.403989267021,7665.8,6804.5,43962,"7/25/13","F","luna"
"luna",1.145,2.069886744,7,3445.3,8010.4,3.38182754215465,3863.67142857143,376.868366560906,7321.3,6890.6,43962,"7/25/13","F","luna"
"maggie",1.2,1.760651415,6,2756.2,6632.2,3.40782959584308,3072.06666666667,334.339759326746,6632.2,6546.1,37929,"3/22/07","F","maggie"
"maggie",1.2,2.631640848,8,3014.6,6546.1,3.03992849407238,2799.3,528.947707380283,5943.2,6546.1,37929,"3/22/07","F","maggie"
"mango",1.03,2.21665133,8,3014.6,7752,3.60904752665815,3983.625,405.973513386561,7493.6,7062.9,45539,"7/4/15","M","mango"
"mango",1.03,1.659958073,6,2670.1,7235.2,3.61454912481997,3775.45,543.153443328863,7062.9,7235.2,45539,"7/4/15","M","mango"
"marjorine",1,2.920109171,10,3273,8613.3,3.42452950023628,4031,810.83321479958,7493.6,5943.2,37800,"12/9/06","F","marjorine"
"marjorine",1,2.560788979,9,3445.3,8268.8,3.51454183605341,4124.78888888889,283.872570198516,7752,7149,37800,"12/9/06","F","marjorine"
"marjorine",1,2.009156571,7,3014.6,7665.8,3.48404902884993,3851.35714285714,795.217305431127,6546.1,5943.2,37800,"12/9/06","F","marjorine"
"marjorine",1,2.48993711,9,2325.6,9130.1,3.61454912409414,4727.72222222222,1079.61237809894,7407.4,6201.6,37800,"12/9/06","F","marjorine"
"marjorine",1,2.019278266,7,2584,7493.6,3.46658512492503,3752.92857142857,1126.1685660005,6460,5943.2,37800,"12/9/06","F","marjorine"
"mary",1.2,2.049643352,9,1378.1,7062.9,4.39100782641916,3981.23333333333,823.652112545096,5168,6890.6,35292,"7/28/03","F","mary"
"mary",1.2,1.928183005,8,1033.6,6890.6,4.14898377345671,3671.4,678.133200147919,4737.3,5512.5,35292,"7/28/03","F","mary"
"mary",1.2,1.821905203,7,1292,7149,3.84213184553928,4577.32857142857,835.718408943837,7149,6460,35292,"7/28/03","F","mary"
"mary",1.2,1.452895273,6,1378.1,7321.3,4.12968512700227,4163.1,501.248608975626,5081.8,6287.7,35292,"7/28/03","F","mary"
"mary",1.2,2.049643352,9,1378.1,7062.9,4.39100782641916,3981.23333333333,823.652112545096,5168,6890.6,35292,"7/28/03","F","mary"
"mary",1.2,1.928183005,8,1033.6,6890.6,4.14898377345671,3671.4,678.133200147919,4737.3,5512.5,35292,"7/28/03","F","mary"
"mary",1.2,1.821905203,7,1292,7149,3.84213184553928,4577.32857142857,835.718408943837,7149,6460,35292,"7/28/03","F","mary"
"mary",1.2,1.452895273,6,1378.1,7321.3,4.12968512700227,4163.1,501.248608975626,5081.8,6287.7,35292,"7/28/03","F","mary"
"miakoda",1.07,2.464632871,9,3445.3,6718.4,3.65165948482556,2804.1,220.048199265525,6546.1,6718.4,41449,"12/18/10","F","miakoda"
"miakoda",1.07,2.818892216,10,3703.7,6804.5,3.54749285667615,2687.35,150.818074734651,6460,6546.1,41449,"12/18/10","F","miakoda"
"miakoda",1.07,2.034460809,6,3617.6,6546.1,2.94918436052311,2225.08333333333,870.614551720029,6201.6,4823.4,41449,"12/18/10","F","miakoda"
"miakoda",1.07,1.791540116,6,3273,7838.1,3.34907376419586,3014.65,779.969034641761,6287.7,6287.7,41449,"12/18/10","F","miakoda"
"miakoda",1.07,1.401854836,5,3359.2,6373.8,3.56670310762476,2756.24,219.601042802624,6287.7,6373.8,41449,"12/18/10","F","miakoda"
"miakoda",1.07,1.427159075,5,3014.6,7493.6,3.50346369061907,3186.9,1017.32181732233,7493.6,5426.4,41449,"12/18/10","F","miakoda"
"miakoda",1.07,2.014217418,7,3359.2,6632.2,3.47529513817361,2731.61428571429,534.917736443563,6632.2,6029.3,41449,"12/18/10","F","miakoda"
"miakoda",1.07,1.786479268,6,3273,6976.8,3.35856122568784,2411.71666666667,1074.40028186271,4995.7,4823.4,41449,"12/18/10","F","miakoda"
"mickey",1.3,2.181225394,7,3273,7924.2,3.20920525648346,4122.05714285714,338.8408714876,6718.4,7665.8,36152,"11/29/04","M","mickey"
"mickey",1.3,2.41908524,8,3014.6,7493.6,3.30703518326622,3865.2125,254.006903379191,6976.8,7493.6,36152,"11/29/04","M","mickey"
"mickey",1.3,2.064825896,7,2842.4,8182.6,3.39011633550338,4405.07142857143,304.243448104122,7235.2,7579.7,36152,"11/29/04","M","mickey"
"molly",1.205,2.019278265,8,3100.8,6890.6,3.96181157330488,2853.1375,405.133963514363,6115.4,6029.3,38651,"2/21/08","F","molly"
"molly",1.205,2.267259807,8,2928.5,10249.8,3.52848843140984,4231.275,1613.01071181458,6890.6,8785.5,38651,"2/21/08","F","molly"
"molly",1.205,1.887696224,7,3100.8,9991.4,3.70822376556282,3900.58571428571,1293.65306970683,6976.8,7493.6,38651,"2/21/08","F","molly"
"molly",1.205,2.636701695,10,3100.8,9905.3,3.79261712425152,3755.39,1459.0062374781,9819.1,6373.8,38651,"2/21/08","F","molly"
"molly",1.205,2.879622389,10,3531.4,7579.7,3.472677542097,3092.15,352.694725569358,6718.4,6632.2,38651,"2/21/08","F","molly"
"monterey",1.055,1.988913179,8,2842.4,7752,4.02229724478084,3488.375,901.040472771023,5426.4,6373.8,45582,"1/17/16","M","monterey"
"monterey",1.055,1.548619422,6,3100.8,7493.6,3.87441866914672,2770.6,988.726661924316,6373.8,4565,45582,"1/17/16","M","monterey"
"monterey",1.055,1.214603468,5,2928.5,6201.6,4.11656983676585,3014.64,172.250001451379,5857,6029.3,45582,"1/17/16","M","monterey"
"monterey",1.055,2.074947592,8,2670.1,8096.5,3.85551906508104,3671.3875,651.018207859262,6115.4,8096.5,45582,"1/17/16","M","monterey"
"monterey",1.055,2.064825895,8,3014.6,9560.7,3.87441867102311,4188.2,1130.52111119481,6976.8,9560.7,45582,"1/17/16","M","monterey"
"monterey",1.055,2.039521656,8,3014.6,9130.1,3.92248838175612,3596.0375,1288.08175753993,5254.1,9130.1,45582,"1/17/16","M","monterey"
"moose",1.319,2.596214913,10,2756.2,8010.4,3.85176125055253,3531.44,756.355310684073,6115.4,5943.2,44805,"2/2/15","M","moose"
"moose",1.319,3.21869919,12,2842.4,7579.7,3.7282141920196,3129.46666666667,655.277887385932,6029.3,4823.4,44805,"2/2/15","M","moose"
"mowgli",0.89,1.492950096,6,3014.6,8441,4.01888851882963,4651.15,445.890909304058,8182.6,7407.4,45583,"1/22/16","M","mowgli"
"mowgli",0.89,2.19134709,8,3100.8,7321.3,3.65072244214859,3488.375,671.916333545862,7321.3,5426.4,45583,"1/22/16","M","mowgli"
"mowgli",0.89,2.080008439,8,1119.7,7493.6,3.84613824155739,4338.9375,778.510985219311,7493.6,7235.2,45583,"1/22/16","M","mowgli"
"mowgli",0.89,2.090130134,8,3100.8,7493.6,3.82751287580833,3875.9625,184.156361648775,6890.6,6976.8,45583,"1/22/16","M","mowgli"
"mufasa",1.18,3.423140973,14,3100.8,10766.6,4.08981111512056,4841.9,1499.9515325503,6460,5426.4,41453,"2/3/11","M","mufasa"
"mufasa",1.18,3.24112147,13,2842.4,9646.9,4.01095735544895,3988.59230769231,731.198448281471,6287.7,6890.6,41453,"2/3/11","M","mufasa"
"mufasa",1.18,3.111946339,13,3186.9,10249.8,4.17744992485232,5008.95384615385,1535.10329056136,6976.8,5254.1,41453,"2/3/11","M","mufasa"
"mufasa",1.18,2.665704977,11,3445.3,10508.2,4.12648815038019,5144.47272727273,969.969333629584,8096.5,8699.4,41453,"2/3/11","M","mufasa"
"mufasa",1.18,4.157090581,16,1464.3,11541.8,3.84884565015929,5593.25625,1467.28296383429,6632.2,7235.2,41453,"2/3/11","M","mufasa"
"mufasa",1.18,3.194148695,13,2842.4,9991.4,4.06994202253317,5379.97692307692,697.635609462235,8010.4,9302.3,41453,"2/3/11","M","mufasa"
"mufasa",1.18,2.853596077,12,3359.2,11627.9,4.20522024708404,5519.68333333333,976.196152823744,8010.4,8613.3,41453,"2/3/11","M","mufasa"
"mufasa",1.18,2.501300264,11,3359.2,10249.8,4.39771272498454,5371.56363636364,1137.65091066876,8699.4,6373.8,41453,"2/3/11","M","mufasa"
"mufasa",1.18,3.198455799,13,3359.2,9474.6,4.06446135790417,3769.95384615385,976.470538568526,6804.5,6460,41453,"2/3/11","M","mufasa"
"nicole",1.125,2.160747647,8,3186.9,8699.4,3.7024221736894,3725.2375,770.061142168965,6201.6,8699.4,29852,"8/29/96","F","nicole"
"nicole",1.125,1.567716363,6,2411.7,6804.5,3.82722292221173,3186.91666666667,340.199408680654,6287.7,6115.4,29852,"8/29/96","F","nicole"
"nicole",1.125,1.497257201,6,2584,7493.6,4.00732752929335,3861.61666666667,674.729882002173,6890.6,7493.6,29852,"8/29/96","F","nicole"
"nicole",1.125,1.925883772,8,1464.3,5254.1,4.15393707362315,1485.8125,688.68933165522,4134.4,4392.8,29852,"8/29/96","F","nicole"
"nicole",1.125,1.555973169,6,3014.6,6890.6,3.85610762417973,3244.33333333333,641.470640533662,5512.5,6804.5,29852,"8/29/96","F","nicole"
"nicole",1.125,2.219463615,7,861.3,5943.2,3.1539151859446,3666.8,687.03529991794,4823.4,5770.9,29852,"8/29/96","F","nicole"
"nicole",1.125,1.855424609,7,2411.7,6718.4,3.77272133076467,3568.35714285714,391.112481080753,6460,6287.7,29852,"8/29/96","F","nicole"
"nicole",1.125,2.17249084,8,1292,6718.4,3.68240908210227,4134.3625,518.828559455956,6373.8,6115.4,29852,"8/29/96","F","nicole"
"nicole",1.125,2.119646468,8,3186.9,6460,3.77421429506045,2002.6,622.382236709426,5168,4737.3,29852,"8/29/96","F","nicole"
"nicole",1.125,1.767350656,7,1722.7,6804.5,3.96073069949962,3039.24285714286,628.459430823085,5598.6,5770.9,29852,"8/29/96","F","nicole"
"nicole",1.125,1.867167804,7,2928.5,6890.6,3.74899352109865,3408.38571428571,309.973404389105,6460,6890.6,29852,"8/29/96","F","nicole"
"penny",1.046,3.571816004,12,3359.2,7665.8,3.35963554297351,2505.025,1197.12696913371,6804.5,6546.1,36163,"2/2/05","F","penny"
"penny",1.046,2.180137694,9,4048.2,8182.6,4.12817962130056,3445.31111111111,352.513824000011,8010.4,7924.2,36163,"2/2/05","F","penny"
"penny",1.046,4.426771963,16,3703.7,7235.2,3.61437185690425,2142.54375,835.012880514427,6718.4,6718.4,36163,"2/2/05","F","penny"
"penny",1.046,2.887851238,10,3445.3,7235.2,3.46278224737281,2385.87,997.090407190397,7235.2,6546.1,36163,"2/2/05","F","penny"
"ranger",1.24,3.79980426,13,3273,8096.5,3.42122886087822,3405.54615384615,531.664991035057,8096.5,7235.2,45403,"5/22/15","M","ranger"
"ranger",1.24,3.491070164,12,3014.6,7062.9,3.43734139856148,3229.95833333333,129.845862876183,6546.1,6890.6,45403,"5/22/15","M","ranger"
"ranger",1.24,2.94336664,11,3445.3,8010.4,3.73721705291869,3468.8,416.828401143684,6804.5,7235.2,45403,"5/22/15","M","ranger"
"ranger",1.24,2.71211029,10,3273,8096.5,3.68716568676121,3376.39,451.791103276725,6804.5,7579.7,45403,"5/22/15","M","ranger"
"ranger",1.24,3.491070164,12,3359.2,8268.8,3.43734139856148,3531.43333333333,642.454513895141,6460,6804.5,45403,"5/22/15","M","ranger"
"ranger",1.24,3.077841451,11,3445.3,7924.2,3.57393328250423,3288.68181818182,469.904472883972,6804.5,6373.8,45403,"5/22/15","M","ranger"
"ranger",1.24,3.36282677,12,3273,7924.2,3.56842645213033,3624.74166666667,633.440090384292,7924.2,7321.3,45403,"5/22/15","M","ranger"
"ranger",1.24,3.396075057,12,3359.2,8182.6,3.53349080882814,3581.65833333333,570.713307199991,6115.4,7407.4,45403,"5/22/15","M","ranger"
"robin",1.2615,3.740207203,15,2928.5,6804.5,4.01047299945537,3100.77333333333,400.047228402324,6287.7,5598.6,44252,"4/12/14","M","robin"
"robin",1.2615,3.834152754,15,3273,7407.4,3.91220719736614,3175.41333333333,369.569701267891,6373.8,6718.4,44252,"4/12/14","M","robin"
"robin",1.2615,3.569930894,14,3445.3,8441,3.92164454038308,2922.35714285714,623.380753773987,8441,6373.8,44252,"4/12/14","M","robin"
"rocket",1.214,3.123689533,8,947.5,8010.4,2.56107398494138,4134.35,1047.85800837436,8010.4,3962.1,44802,"1/21/15","M","rocket"
"rocket",1.214,3.458370553,9,689.1,6632.2,2.6023816309079,3789.85555555556,1108.05804237764,5684.8,3617.6,44802,"1/21/15","M","rocket"
"rocket",1.214,2.190105631,6,1205.9,5943.2,2.73959388765208,3689.35,346.313457722913,5943.2,5426.4,44802,"1/21/15","M","rocket"
"rocket",1.214,2.2488216,7,1292,7235.2,3.11274135751809,3359.18571428571,930.342731521689,6029.3,7235.2,44802,"1/21/15","M","rocket"
"rocket",1.214,3.581674088,9,1119.7,8699.4,2.51279144301641,4134.36666666667,1228.72530799199,8699.4,3789.8,44802,"1/21/15","M","rocket"
"savannah",0.88,2.542401443,10,3359.2,8268.8,3.93328914579286,4246.34,418.140960283332,8010.4,8268.8,43983,"10/26/13","F","savannah"
"savannah",0.88,2.589374217,11,3359.2,7321.3,4.24813065943956,3562.75454545455,250.450759087036,7235.2,7062.9,43983,"10/26/13","F","savannah"
"savannah",0.88,1.767350657,7,3273,8096.5,3.96073069725857,4072.82857142857,343.496456625517,7752,7838.1,43983,"10/26/13","F","savannah"
"savannah",0.88,1.867167803,7,3445.3,7838.1,3.7489935231065,3986.71428571429,271.060985933495,7838.1,7321.3,43983,"10/26/13","F","savannah"
"savannah",0.88,2.477813877,9,2928.5,8096.5,3.63223407679704,4297.05555555556,267.019063510038,7752,7924.2,43983,"10/26/13","F","savannah"
"savannah",0.88,2.736164139,11,3359.2,7924.2,4.0202266535151,3883.79090909091,259.698657888505,7493.6,7579.7,43983,"10/26/13","F","savannah"
"savannah",0.88,2.049187306,8,3445.3,8441,3.90398670564476,4306.6375,460.389561559401,7407.4,7752,43983,"10/26/13","F","savannah"
"scotty",1.22,2.765522124,12,2928.5,8010.4,4.3391444587843,3560.14166666667,670.550724077311,7838.1,6718.4,38644,"1/15/08","M","scotty"
"scotty",1.22,3.85763914,14,2584,8268.8,3.62916268005306,3432.99285714286,853.250463241584,7924.2,5512.5,38644,"1/15/08","M","scotty"
"scotty",1.22,2.630475395,10,3445.3,7321.3,3.80159419814683,3238.59,263.778591709874,6890.6,6632.2,38644,"1/15/08","M","scotty"
"snoopy",1.518,1.626432332,7,3014.6,6287.7,4.30389870041024,2325.58571428571,555.964178787841,5770.9,6287.7,43145,"2/22/13","M","snoopy"
"snoopy",1.518,2.272307987,9,1808.8,6718.4,3.96073069825459,3483.58888888889,603.101300455497,5857,5770.9,43145,"2/22/13","M","snoopy"
"soleil",0.96,2.192174667,8,3186.9,8354.9,3.64934424269578,4102.0625,749.398185093498,8354.9,6546.1,42247,"9/18/11","F","soleil"
"soleil",0.96,2.15487605,7,3186.9,7752,3.24844670300178,3445.3,549.285481330064,7235.2,6460,42247,"9/18/11","F","soleil"
"sookie",1.008,1.743864269,7,3100.8,6976.8,4.01407387285598,2842.37142857143,566.974540034752,6201.6,6115.4,43988,"1/2/14","F","sookie"
"sookie",1.008,1.843681416,7,1292,7062.9,3.79675140143627,3728.31428571429,850.797467925576,5943.2,5857,43988,"1/2/14","F","sookie"
"sookie",1.008,1.835115914,7,3014.6,7321.3,3.81447294233426,3543.72857142857,402.252328413753,6718.4,6373.8,43988,"1/2/14","F","sookie"
"sookie",1.008,1.438541232,6,2497.9,7752,4.17089191921056,3301.75,950.846296201442,6287.7,6546.1,43988,"1/2/14","F","sookie"
"sookie",1.008,1.773222254,7,2411.7,7062.9,3.94761569465392,3408.38571428571,424.449409739926,6718.4,6201.6,43988,"1/2/14","F","sookie"
"sookie",1.008,2.025700919,8,2411.7,6976.8,3.94925031872388,3456.075,577.676614304479,5857,6976.8,43988,"1/2/14","F","sookie"
"spencer",1.245,1.826066625,7,2584,8268.8,3.83337601386806,4232.78571428571,810.184058159156,7924.2,6804.5,35915,"5/10/04","M","spencer"
"spencer",1.245,1.66753351,7,2928.5,7665.8,4.19781669035245,3482.21428571429,452.664689840694,6460,6373.8,35915,"5/10/04","M","spencer"
"spencer",1.245,2.084416888,8,3014.6,8096.5,3.83800383025874,3865.2,707.924400725711,6546.1,6718.4,35915,"5/10/04","M","spencer"
"spencer",1.245,2.125518065,8,2842.4,8182.6,3.76378828848015,3714.4875,623.559357782859,6632.2,6460,35915,"5/10/04","M","spencer"
"spencer",1.245,2.066802096,8,2842.4,8441,3.87071409279237,4435.825,831.278500263299,6373.8,8096.5,35915,"5/10/04","M","spencer"
"spencer",1.245,2.372125134,9,2497.9,7838.1,3.79406628722985,3588.84444444444,532.69783674967,7838.1,6632.2,35915,"5/10/04","M","spencer"
"spencer",1.245,2.430841102,9,2928.5,8354.9,3.70242217502212,4718.15555555556,602.593687967089,6804.5,8010.4,35915,"5/10/04","M","spencer"
"spencer",1.245,2.066802096,8,3014.6,8268.8,3.87071409279237,4425.075,676.558346655018,6804.5,6890.6,35915,"5/10/04","M","spencer"
"spike",1.325,2.442584297,9,2670.1,8096.5,3.68462206649485,3895.11111111111,786.807338940805,7149,7235.2,43119,"10/6/12","M","spike"
"spike",1.325,3.141304323,13,2756.2,8182.6,4.13840833720458,3776.59230769231,847.474923386663,8182.6,6460,43119,"10/6/12","M","spike"
"spike",1.325,1.908268981,8,3100.8,6976.8,4.19228110903302,2874.675,829.899146626521,5512.5,4565,43119,"10/6/12","M","spike"
"spock",1.21,2.0609305,10,3186.9,8010.4,4.8521772083047,3944.87,419.609159549429,6718.4,6460,36187,"2/26/05","M","spock"
"spock",1.21,4.356724875,19,2928.5,7838.1,4.3610740969729,3844.23157894737,419.232521072908,7752,6546.1,36187,"2/26/05","M","spock"
"spock",1.21,2.207720421,11,3186.9,7493.6,4.98251494861722,3633.23636363636,388.687095933804,7493.6,6546.1,36187,"2/26/05","M","spock"
"sriracha",1.28,2.407354714,9,2670.1,7665.8,3.73854336781381,4057.8,400.414607001293,7665.8,7062.9,43986,"11/30/13","F","sriracha"
"sriracha",1.28,1.779093851,6,3186.9,7924.2,3.37250336547872,4163.08333333333,498.283085872546,7924.2,7579.7,43986,"11/30/13","F","sriracha"
"sriracha",1.28,1.186062567,4,3359.2,7924.2,3.37250336642654,4306.625,186.089841653613,7924.2,7407.4,43986,"11/30/13","F","sriracha"
"sriracha",1.28,1.4972572,5,3359.2,7838.1,3.33943960997483,3617.58,1265.90310332189,4909.6,7407.4,43986,"11/30/13","F","sriracha"
"stella",1.275,1.771658736,8,3617.6,7062.9,4.51554232056122,2680.8875,461.383507778507,6976.8,7062.9,44850,"3/6/15","F","stella"
"storm",0.995,1.121475002,5,3014.6,8785.5,4.45841413413868,5426.36,483.439952837992,7665.8,8699.4,44796,"9/30/14","F","storm"
"storm",0.995,1.092117017,5,1550.4,8441,4.57826397919775,5581.42,352.002374991988,8441,8441,44796,"9/30/14","F","storm"
"tara",1.35,0.542832414,3,2670.1,6201.6,5.52656754207754,3100.76666666667,375.415907139446,6029.3,6201.6,45585,"2/9/16","F","tara"
"taz",1.17,1.743864269,7,3617.6,8785.5,4.01407387285598,3100.78571428571,804.902564348778,8785.5,6976.8,38064,"4/4/07","M","taz"
"taz",1.17,2.04331571,8,3359.2,6890.6,3.91520505658913,3068.4625,210.677525667615,6804.5,6460,38064,"4/4/07","M","taz"
"taz",1.17,1.773222253,7,3359.2,7321.3,3.94761569688016,3482.21428571429,178.304892703214,7149,6804.5,38064,"4/4/07","M","taz"
"tiki",1.09,0.939455498,5,3445.3,7062.9,5.32223187861954,3290.26,154.070675340897,7062.9,6890.6,45611,"3/3/16","M","tiki"
"tiki",1.09,1.908268981,9,3014.6,7062.9,4.71631624766215,3416.58888888889,261.97663752921,6373.8,6890.6,45611,"3/3/16","M","tiki"
"tiki",1.09,2.466070684,11,3273,7062.9,4.46053719034438,3124.27272727273,293.576310661842,6890.6,6460,45611,"3/3/16","M","tiki"
"tiki",1.09,1.773222253,8,3273,6976.8,4.51156079643447,3273.025,172.264288231775,6546.1,6718.4,45611,"3/3/16","M","tiki"
"tiki",1.09,1.602945944,8,3273,6890.6,4.99081084421147,3283.8,186.659460745268,6460,6804.5,45611,"3/3/16","M","tiki"
"wasabi",1.35,2.501300265,10,3876,7235.2,3.99792065747852,1886.31,709.637170907312,6890.6,7235.2,44798,"12/5/14","M","wasabi"
"wasabi",1.35,2.747907333,11,3273,10852.7,4.00304619733696,3210.4,1639.74493504325,9991.4,6976.8,44798,"12/5/14","M","wasabi"
"wasabi",1.35,3.064973563,12,3617.6,10852.7,3.91520505914393,3330.45833333333,1138.73817523715,8527.1,6287.7,44798,"12/5/14","M","wasabi"
"wasabi",1.35,2.395611522,10,3531.4,8957.8,4.17429950898358,3169.7,1088.5922652674,8699.4,5254.1,44798,"12/5/14","M","wasabi"
"wasabi",1.35,1.632303929,7,3617.6,8182.6,4.28841705005784,2953.11428571429,683.147093552019,8182.6,6890.6,44798,"12/5/14","M","wasabi"
"wasabi",1.35,2.976899611,12,3617.6,11283.4,4.03103952704974,3818.55833333333,1518.90410341759,9216.2,5770.9,44798,"12/5/14","M","wasabi"
"wasabi",1.35,2.94167003,11,3531.4,11283.4,3.73937249515371,3139.92727272727,1275.43047798844,9302.3,6201.6,44798,"12/5/14","M","wasabi"
"wasabi",1.35,3.376168198,13,3789.8,9560.7,3.85051906113595,2974.88461538462,924.740078658281,9560.7,6460,44798,"12/5/14","M","wasabi"
"wasabi",1.35,2.859467674,11,3703.7,7321.3,3.84686985623884,2286.44545454545,700.135753070269,7321.3,5081.8,44798,"12/5/14","M","wasabi"
"willow",1.17,2.460199087,9,3186.9,7235.2,3.65824052514983,3340.02222222222,253.962673329063,6804.5,6804.5,42271,"2/16/12","F","willow"
"willow",1.17,2.583502621,9,3100.8,7924.2,3.48364268216471,3808.97777777778,585.408745616637,6804.5,6460,42271,"2/16/12","F","willow"
"willow",1.17,2.184234034,8,3273,7752,3.6626111833582,3725.225,275.27665434717,7062.9,7235.2,42271,"2/16/12","F","willow"
"willow",1.17,2.102031677,8,3359.2,8096.5,3.8058417898904,3229.9625,493.735730173541,6460,6632.2,42271,"2/16/12","F","willow"
"willow",1.17,2.201848824,8,3186.9,7149,3.63331029487608,3326.85,283.585336110919,6890.6,6890.6,42271,"2/16/12","F","willow"
"willow",1.17,1.561844767,6,3445.3,8096.5,3.84161097618224,3502.71666666667,399.063565947415,8096.5,6890.6,42271,"2/16/12","F","willow"
"willow",1.17,2.965156417,11,3359.2,6890.6,3.70975370369475,2811.05454545455,413.563606628137,6890.6,6718.4,42271,"2/16/12","F","willow"
"willow",1.17,2.172490841,8,3445.3,6976.8,3.68240908040726,2960.8125,514.599582026092,6804.5,6890.6,42271,"2/16/12","F","willow"
"xena",1.143,1.920012175,7,2842.4,6976.8,3.64581021471908,3420.67142857143,297.196056020745,6373.8,6546.1,39529,"12/10/08","F","xena"
"xena",1.143,1.373953667,5,3014.6,7235.2,3.63913290534564,3686.46,312.946198251393,6546.1,7235.2,39529,"12/10/08","F","xena"
